diag_t,effectif
F321,2290
F200,2171
F322,1622
F430,1230
F209,1079
X610,1022
F29,1012
F329,1011
T424,931
F419,837
F3210,771
F220,767
F100,747
R451,687
Z9150,621
Z911,618
F432,547
F6031,487
R458,473
F609,451
F412,392
F312,391
F411,380
F323,377
F309,369
F101,362
Z630,355
F259,354
F4302,346
T391,340
X600,334
F320,322
F431,299
F2000,285
F250,277
F302,276
F232,269
F102,259
F319,255
X619,233
R440,229
Z590,217
F6030,210
F603,195
F230,188
F688,184
F311,176
F121,173
F3020,167
F310,167
F313,166
X780,166
F231,165
F3211,160
T432,155
F919,150
T435,149
F4322,141
R410,140
F229,133
F203,132
F122,128
F233,128
F120,121
F3230,121
F251,117
F410,113
F301,109
F3200,100
R460,96
F3201,95
F331,95
F314,94
F602,94
F332,91
R443,91
F239,89
F2008,88
T433,88
Z046,88
F28,87
Z631,86
F300,84
F4301,84
F172,83
R456,83
Z6030,83
F316,82
F3120,81
F418,80
F3800,78
F141,76
X640,76
F131,75
R400,75
T402,70
F339,68
X789,68
F03,67
F3130,66
R441,66
F317,63
Z9158,63
Y150,61
X620,60
F252,57
F328,57
F840,57
Z634,57
F4300,56
Z532,56
F39,54
T393,53
R455,52
T426,52
R462,51
T439,51
F2090,50
F989,50
S519,50
X609,48
F059,47
F190,45
S517,44
Z638,44
F2320,43
F69,43
T509,43
F510,42
F202,41
F201,40
F315,40
G409,40
R452,40
Z751,40
F191,39
F2004,39
F206,39
F711,39
E1198,38
F1000,38
G470,38
I10,38
F500,37
F940,37
F062,36
F140,35
R53+1,35
X700,35
F078,34
F918,33
R53+2,33
Z651,33
F2321,32
F1030,31
Z6020,31
F192,30
R53+0,30
F1024,29
F199,29
F99,29
R104,29
R630,29
F067,28
F103,28
F142,28
F718,27
F849,27
E8768,26
F061,26
F2301,26
F333,26
F530,26
F700,26
R634,26
S619,26
X849,26
F109,25
F258,25
F208,24
F2310,24
F4323,24
K590,24
X690,24
Y060,24
E039,23
F132,23
F2001,23
F3021,23
F608,23
G240,23
R51,23
Z6028,23
F4101,22
F630,22
F409,21
F4324,21
F59,21
R454,21
X649,21
Z5913,21
E162,20
E86,20
F21,20
F2501,20
F799,20
R442,20
Y495,20
F1007,19
F111,19
F238,19
F3310,19
F4320,19
F4321,19
F489,19
F607,19
F710,19
F228,18
F24,18
F2500,18
F429,18
N179,18
N185,18
T543,18
Z608,18
F123,17
F130,17
F308,17
F3131,17
F845,17
R529,17
S711,17
Y911,17
F1900,16
F1925,16
F2591,16
S109,16
T427,16
T590,16
Z566,16
Z598,16
F420,15
F4325,15
F439,15
F841,15
G20,15
R33,15
S010,15
S311,15
T743,15
Z599,15
Z719,15
F604,14
R073,14
R652,14
T009,14
T741,14
X611,14
X702,14
Z028,14
D509,13
F058,13
F113,13
F2311,13
F3121,13
F349,13
F422,13
F509,13
G819,13
X718,13
X800,13
Z290,13
Z567,13
Z639,13
D570,12
F03+0,12
F050,12
F152,12
F2098,12
F2521,12
F54,12
F709,12
G473,12
K509,12
L732,12
R074,12
R413,12
R464,12
S011,12
S411,12
S617,12
T400,12
X602,12
X630,12
Y070,12
Z564,12
Z730,12
E1190,11
E6695,11
F104,11
F105,11
F1203,11
F1224,11
F129,11
F2391,11
F3150,11
F3311,11
F701,11
F708,11
F721,11
F900,11
G403,11
I872,11
R11,11
S019,11
S119,11
S518,11
S610,11
S717,11
T434,11
X615,11
X629,11
Z609,11
Z635,11
Z653,11
F151,10
F195,10
F2003,10
F2005,10
F2511,10
F3330,10
F402,10
F798,10
Q851,10
R001,10
R471,10
R522,10
T450,10
U089,10
X410,10
Y450,10
A099,9
E8708,9
F03+02,9
F0631,9
F1025,9
F1040,9
F2002,9
F2009,9
F2300,9
F318,9
F3231,9
F330,9
F421,9
F502,9
F531,9
F928,9
F988,9
N189,9
N390,9
R060,9
R296,9
R520,9
X612,9
X618,9
Z992+0,9
D352,8
E8718,8
F106,8
F110,8
F1202,8
F1907,8
F4100,8
F438,8
F720,8
F848,8
F88,8
G35,8
H813,8
J690,8
S100,8
T430,8
T447,8
T751,8
X400,8
X614,8
X650,8
X830,8
Z637,8
Z735,8
Z865,8
D571,7
E063,7
E109,7
F12241,7
F1230,7
F160,7
F1924,7
F2030,7
F2091,7
F408,7
F459,7
F639,7
F790,7
F920,7
K701,7
M62800,7
O993,7
R418,7
R739,7
R740,7
S101,7
S501,7
T019,7
T68+8,7
T796,7
X420,7
X709,7
X785,7
Z560,7
Z565,7
Z633,7
Z734,7
C900,6
E872,6
E8760,6
F019,6
F060,6
F070,6
F1001,6
F108,6
F125,6
F128,6
F133,6
F1424,6
F150,6
F2088,6
F2331,6
F2510,6
F413,6
F428,6
F451,6
F488,6
F508,6
F638,6
F719,6
F791,6
H409,6
H540,6
I251,6
I471,6
I671,6
K088,6
L662,6
R000,6
R251,6
R468,6
R64,6
S008,6
S910,6
T383,6
T438,6
T455,6
T465,6
U0710,6
X701,6
Y912,6
Z553,6
Z5950,6
Z636,6
A46,5
B24+0,5
E1130,5
E149,5
E785,5
E890,5
F1002,5
F1020,5
F1051,5
F1103,5
F112,5
F1130,5
F118,5
F1200,5
F1201,5
F1403,5
F1951,5
F2099,5
F2590,5
F338,5
F341,5
F4001,5
F452,5
F504,5
F519,5
F600,5
F949,5
H360,5
I498,5
I694,5
M797,5
N10,5
R268,5
R4818,5
S318,5
T000,5
T381,5
T406,5
T443,5
T470,5
T510,5
X608,5
X639,5
X691,5
X824,5
Y110,5
Z004,5
Z032,5
Z562,5
Z604,5
Z652,5
Z658,5
B24+1,4
B24+9,4
B86,4
B962,4
C787,4
E101,4
E8358,4
F010,4
F051,4
F1005,4
F1023,4
F1207,4
F1250,4
F134,4
F1407,4
F1551,4
F181,4
F1904,4
F2038,4
F204,4
F2060,4
F3300,4
F381,4
F401,4
F449,4
F450,4
F454,4
F458,4
F539,4
F61+0,4
F649,4
F728,4
F819,4
F913,4
F952,4
G479,4
G621,4
G710,4
I269,4
I428,4
J441,4
K566,4
L023,4
L030,4
M543,4
M549,4
N184,4
N410,4
Q871,4
Q938,4
R262,4
R568,4
R601,4
S0220,4
S817,4
T436,4
T471,4
T549,4
T905,4
U0712,4
X719,4
X815,4
Z029,4
Z321,4
Z5910,4
Z5970,4
Z733,4
Z992,4
C910,3
D648,3
D868,3
E274,3
E8700,3
F001,3
F009,3
F03+1,3
F03+42,3
F069,3
F1003,3
F1004,3
F10240,3
F1204,3
F1205,3
F1225,3
F124,3
F1251,3
F127,3
F143,3
F1430,3
F148,3
F1530,3
F1803,3
F1905,3
F1920,3
F193,3
F1930,3
F194,3
F2010,3
F2040,3
F205,3
F2089,3
F2330,3
F2381,3
F3151,3
F380,3
F4328,3
F440,3
F605,3
F681,3
F8410,3
F909,3
F911,3
G10,3
G212,3
G258,3
G309,3
G442,3
G932,3
J189,3
J459,3
K599,3
K712,3
N162,3
N183,3
N948,3
Q923,3
Q998,3
R002,3
R101,3
R258,3
R392,3
R509,3
S108,3
S2200,3
S3200,3
S361,3
S4220,3
S510,3
S618,3
S8230,3
S8280,3
S9200,3
T369,3
T375,3
T398,3
T446,3
T464,3
T501,3
T506,3
T519,3
V289,3
X6009,3
X6109,3
X645,3
X669,3
X7809,3
X781,3
X784,3
X831,3
X832,3
X834,3
X839,3
X999,3
Y049,3
Y458,3
Y910,3
Z632,3
Z711,3
Z728,3
Z940,3
Z941,3
A040,2
A163,2
A188,2
A199,2
B972,2
C349,2
D649,2
D693,2
E050,2
E43,2
E612,2
E6696,2
F0221,2
F0280,2
F03+00,2
F04,2
F09,2
F10200,2
F10241,2
F1031,2
F1050,2
F1056,2
F1071,2
F1074,2
F1151,2
F1220,2
F12201,2
F1240,2
F1252,2
F1253,2
F1256,2
F1275,2
F1400,2
F1406,2
F145,2
F1506,2
F169,2
F19241,2
F1940,2
F1971,2
F2014,2
F2019,2
F2061,2
F2093,2
F2094,2
F3301,2
F442,2
F444,2
F445,2
F448,2
F480,2
F518,2
F621,2
F731,2
F938,2
F939,2
F951,2
G211,2
G301,2
G408,2
G454,2
G912,2
G931,2
H900,2
I959,2
J209,2
J440,2
J9601,2
K260,2
K529,2
K851,2
K922,2
L893,2
M2556,2
M5412,2
M5456,2
N111,2
N300,2
N302,2
N459,2
Q796,2
Q992,2
R100,2
R102,2
R290,2
R300,2
R4028,2
R411,2
R448,2
R466,2
R490,2
R5210,2
R5218,2
S000,2
S065,2
S117,2
S202,2
S210,2
S211,2
S390,2
S400,2
S5200,2
S5220,2
S557,2
S609,2
S760,2
S8210,2
S8260,2
T149,2
T360,2
T390,2
T407,2
T408,2
T425,2
T479,2
T500,2
T524,2
T58,2
T604,2
T808,2
V021,2
V496,2
W190,2
X100,2
X440,2
X601,2
X6199,2
X670,2
X680,2
X699,2
X7012,2
X704,2
Y040,2
Y050,2
Y058,2
Y059,2
Y099,2
Y120,2
Y433,2
Y499,2
Y909,2
Z000,2
Z21,2
Z359,2
Z592,2
Z605,2
Z610,2
Z616,2
Z655,2
Z659,2
Z742,2
Z760,2
Z914,2
Z923,2
Z924,2
B029,1
B1819,1
B220,1
B338,1
B851,1
C189+8,1
C221,1
C772,1
D320,1
D407,1
D529,1
D619,1
D729,1
D821,1
E041,1
E059,1
E079,1
E106,1
E1100,1
E1140,1
E1158,1
E1170,1
E272,1
E538,1
E6693,1
E8710,1
F0000,1
F00002,1
F0003,1
F0011,1
F0100,1
F01002,1
F01132,1
F018,1
F023,1
F024,1
F028,1
F0283,1
F03+01,1
F03+10,1
F03+2,1
F03+22,1
F03+3,1
F0630,1
F0633,1
F066,1
F0670,1
F0671,1
F068,1
F079,1
F1006,1
F1026,1
F1073,1
F1075,1
F1100,1
F1102,1
F11201,1
F11241,1
F1140,1
F1150,1
F1171,1
F12200,1
F1222,1
F1271,1
F1301,1
F1302,1
F1320,1
F1324,1
F1330,1
F1331,1
F135,1
F1401,1
F1405,1
F1426,1
F1502,1
F1503,1
F1521,1
F1604,1
F161,1
F165,1
F1725,1
F178,1
F1901,1
F2015,1
F2023,1
F2024,1
F2028,1
F2031,1
F2033,1
F2080,1
F2092,1
F2095,1
F2520,1
F2581,1
F334,1
F348,1
F443,1
F453,1
F481,1
F501,1
F503,1
F505,1
F512,1
F515,1
F55+2,1
F606,1
F61,1
F629,1
F680,1
F739,1
F789,1
F83,1
F89,1
F910,1
F912,1
F929,1
G030,1
G249,1
G251,1
G253,1
G259,1
G310,1
G312,1
G318,1
G402,1
G431,1
G472,1
G540,1
G600,1
G632,1
G8221,1
G832,1
G834,1
G836,1
G939,1
G990,1
H448,1
I21000,1
I255,1
I272,1
I460,1
I480,1
I481,1
I489,1
I5002,1
I5009,1
I7021,1
J019,1
J128,1
J448,1
J449,1
J458,1
J954,1
K117,1
K564,1
K582,1
K704,1
K729,1
K769,1
K810,1
K914,1
L890,1
M255,1
M2555,1
M311,1
M316,1
M352,1
M45,1
M4797,1
M4807,1
M545,1
M6246,1
M625,1
M62890,1
M7963,1
M7964,1
M7965,1
M7966,1
M7979,1
M8098,1
M8907,1
N083,1
N178,1
N40,1
N648,1
N912,1
Q935,1
Q980,1
R103,1
R202,1
R2638,1
R270,1
R42,1
R450,1
R55,1
R600,1
R633,1
R680,1
R785,1
S007,1
S012,1
S017,1
S018,1
S051,1
S0650,1
S066,1
S090,1
S199,1
S219,1
S312,1
S4230,1
S430,1
S508,1
S5250,1
S5280,1
S531,1
S6240,1
S6280,1
S666,1
S669,1
S710,1
S780,1
S819,1
S911,1
T131,1
T220,1
T232,1
T286,1
T361,1
T380,1
T388,1
T392,1
T399,1
T401,1
T403,1
T404,1
T405,1
T409,1
T412,1
T449,1
T461,1
T466,1
T469,1
T472,1
T528,1
T529,1
T55,1
T568,1
T598,1
T658,1
T742,1
T810,1
U049,1
U0714,1
V041,1
V492,1
W0609,1
W170,1
W708,1
X424,1
X430,1
X454,1
X490,1
X6008,1
X6099,1
X621,1
X631,1
X6409,1
X644,1
X648,1
X659,1
X660,1
X67209,1
X679,1
X714,1
X760,1
X771,1
X782,1
X7823,1
X7899,1
X790,1
X794,1
X802,1
X910,1
X994,1
Y0413,1
Y0499,1
Y051,1
Y0599,1
Y071,1
Y079,1
Y109,1
Y119,1
Y159,1
Y199,1
Y289,1
Y420,1
Y453,1
Y455,1
Y466,1
Y492,1
Y494,1
Y560,1
Y902,1
Y913,1
Z04802,1
Z04880,1
Z303,1
Z349,1
Z4584,1
Z502,1
Z511,1
Z531,1
Z563,1
Z588,1
Z5918,1
Z5958,1
Z5962,1
Z5968,1
Z601,1
Z6038,1
Z615,1
Z640,1
Z713,1
Z718,1
Z721,1
Z731,1
Z740,1
Z864,1
Z897,1
Z918,1
Z921,1
Z922,1
Z944,1
Z955,1
